[
    {
        "URL_api": "http://172.29.222.118/glpi/apirest.php/",
        "app_token": "vMMP8DY1aPY73ghqtCid4lSSTA3VIjl5KAADqFNZ",
        "fichierJSON": "Data.json",
        "fichierDefault": "formulaire.php",
        "fichierDefaultCSS": "formulaire.css",
        "fichierTraitement": "api_request.php",
        "fichierResultat": "resultat.php",
        "fichierResultatCSS": "resultat.css"
    },
    {
        "category": ["software", "computer", "networkequipment", "phone", "softwarelicense", "monitor", "rack", "printer", "peripheral"],
        "categorie": ["Logiciels", "Ordinateurs", "Matériels réseau", "Téléphones", "Licences", "Moniteurs", "Baies", "Imprimantes", "Périphériques"]
    }
]